{"actions":[],"apps":[{"acl":{"app":[],"field":[],"record":[]},"app":null,"category":{"categories":[],"useCategory":"false"},"form":{"layout":"[{\"id\":null,\"type\":\"ROW\",\"isSubTable\":false,\"var\":null,\"label\":null,\"controlList\":[{\"isVirtical\":true,\"styleMap\":{\"width\":117},\"type\":\"DATE\",\"var\":\"貸出日\",\"label\":\"貸出日\"},{\"isVirtical\":true,\"styleMap\":{\"width\":117},\"type\":\"DATE\",\"var\":\"返却日\",\"label\":\"返却日\"}]},{\"id\":null,\"type\":\"ROW\",\"isSubTable\":false,\"var\":null,\"label\":null,\"controlList\":[{\"isVirtical\":true,\"styleMap\":{\"width\":441},\"type\":\"SINGLE_LINE_TEXT\",\"var\":\"利用者名\",\"label\":\"利用者名\"}]},{\"id\":null,\"type\":\"ROW\",\"isSubTable\":false,\"var\":null,\"label\":null,\"controlList\":[{\"styleMap\":{\"width\":117,\"height\":66},\"elementId\":\"sp_show_book_list\",\"type\":\"SPACER\"}]},{\"id\":\"5939002\",\"type\":\"SUBTABLE\",\"isSubTable\":true,\"var\":\"貸出リスト\",\"label\":\"貸出リスト\",\"controlList\":[{\"isVirtical\":true,\"styleMap\":{\"width\":303},\"type\":\"SINGLE_LINE_TEXT\",\"var\":\"書籍コード\",\"label\":\"書籍コード\"},{\"isVirtical\":true,\"styleMap\":{\"width\":388},\"type\":\"SINGLE_LINE_TEXT\",\"var\":\"書籍名\",\"label\":\"書籍名\"}]}]","revision":null},"iconMeta":null,"info":{"automaticallyChooseTitleComponent":"true","code":null,"decimalPrecision":"16","decimalScale":"4","description":"","enableBulkDeletion":"false","enableRecordReuse":"true","fiscalYearStartMonth":"4","iconKey":"APP51","iconType":"PRESET","jsFiles":null,"jsScope":"ALL","name":"貸出記録","roundingMode":"HALF_EVEN","theme":"PLAIN","titleComponentLocalId":null,"useComment":"true","useHistory":"true","useThumbnail":"true"},"jsFiles":[{"jsFileMetas":[{"internalName":null,"locationType":"URL","mime":null,"name":null,"url":"https://js.cybozu.com/jquery/3.6.1/jquery.min.js"},{"internalName":null,"locationType":"URL","mime":null,"name":null,"url":"https://js.cybozu.com/kintone-rest-api-client/3.2.1/KintoneRestAPIClient.min.js"},{"internalName":null,"locationType":"BLOB","mime":"text/javascript","name":"kuc.min.js","url":null},{"internalName":null,"locationType":"BLOB","mime":"text/javascript","name":"book_record.js","url":null}],"jsType":"DESKTOP"},{"jsFileMetas":[{"internalName":null,"locationType":"BLOB","mime":"text/css","name":"book_record.p.css","url":null}],"jsType":"DESKTOP_CSS"}],"notification":{"appNotifications":[{"events":["RECORD_COMMENT_ADDED"],"target":{"entityId":"5938988","entityType":"FIELD_ENTITY","includeSubs":"false"}},{"events":["RECORD_COMMENT_ADDED"],"target":{"entityId":"5938989","entityType":"FIELD_ENTITY","includeSubs":"false"}}],"recordNotifications":[],"reminderTimezone":null,"reminders":[],"useComment":"true","useReminder":"false"},"plugins":[],"reports":[],"resource":{"tables":[{"rows":[{"fields":[],"objectId":"0","subObjectId":"-1"}],"type":"AppName"},{"rows":[{"fields":[],"objectId":"0","subObjectId":"-1"}],"type":"AppDescription"},{"rows":[{"fields":[],"objectId":"5938987","subObjectId":"-1"},{"fields":[],"objectId":"5938988","subObjectId":"-1"},{"fields":[],"objectId":"5938989","subObjectId":"-1"},{"fields":[],"objectId":"5938990","subObjectId":"-1"},{"fields":[],"objectId":"5938991","subObjectId":"-1"},{"fields":[],"objectId":"5938992","subObjectId":"-1"},{"fields":[],"objectId":"5938993","subObjectId":"-1"},{"fields":[],"objectId":"5938994","subObjectId":"-1"},{"fields":[],"objectId":"5938995","subObjectId":"-1"},{"fields":[],"objectId":"5938996","subObjectId":"-1"},{"fields":[],"objectId":"5938997","subObjectId":"-1"},{"fields":[],"objectId":"5939002","subObjectId":"-1"},{"fields":[],"objectId":"5939000","subObjectId":"-1"},{"fields":[],"objectId":"5939001","subObjectId":"-1"}],"type":"FieldLabel"},{"rows":[{"fields":[],"objectId":"20","subObjectId":"-1"}],"type":"ViewName"}]},"schema":{"groups":[],"revision":null,"subTable":{"5939002":{"fieldList":{"5939000":{"id":"5939000","label":"書籍コード","properties":{"defaultValue":"","expression":"","hideExpression":"false","max":null,"min":null,"noLabel":"false","required":"false","unique":"false"},"type":"SINGLE_LINE_TEXT","var":"書籍コード"},"5939001":{"id":"5939001","label":"書籍名","properties":{"defaultValue":"","expression":"","hideExpression":"false","max":null,"min":null,"noLabel":"false","required":"false","unique":"false"},"type":"SINGLE_LINE_TEXT","var":"書籍名"}},"id":"5939002","label":"貸出リスト","properties":{"noLabel":"false"},"var":"貸出リスト"}},"table":{"fieldList":{"5938987":{"id":"5938987","label":"レコード番号","properties":{"noLabel":"false","required":"true"},"type":"RECORD_ID","var":"レコード番号"},"5938988":{"id":"5938988","label":"更新者","properties":{"noLabel":"false","required":"true"},"type":"MODIFIER","var":"更新者"},"5938989":{"id":"5938989","label":"作成者","properties":{"noLabel":"false","required":"true"},"type":"CREATOR","var":"作成者"},"5938990":{"id":"5938990","label":"更新日時","properties":{"noLabel":"false","required":"true"},"type":"MODIFIED_AT","var":"更新日時"},"5938991":{"id":"5938991","label":"作成日時","properties":{"noLabel":"false","required":"true"},"type":"CREATED_AT","var":"作成日時"},"5938992":{"id":"5938992","label":"ステータス","properties":{"noLabel":"false","required":"false"},"type":"STATUS","var":"ステータス"},"5938993":{"id":"5938993","label":"作業者","properties":{"noLabel":"false","required":"false"},"type":"STATUS_ASSIGNEE","var":"作業者"},"5938994":{"id":"5938994","label":"カテゴリー","properties":{"noLabel":"false","required":"false"},"type":"CATEGORY","var":"カテゴリー"},"5938995":{"id":"5938995","label":"貸出日","properties":{"defaultExpression":"NOW","defaultValue":null,"noLabel":"false","required":"true","unique":"false"},"type":"DATE","var":"貸出日"},"5938996":{"id":"5938996","label":"返却日","properties":{"defaultExpression":null,"defaultValue":null,"noLabel":"false","required":"false","unique":"false"},"type":"DATE","var":"返却日"},"5938997":{"id":"5938997","label":"利用者名","properties":{"defaultValue":"","expression":"","hideExpression":"false","max":null,"min":null,"noLabel":"false","required":"true","unique":"false"},"type":"SINGLE_LINE_TEXT","var":"利用者名"}},"id":"1","label":"__ROOT__","properties":null,"var":"__ROOT__"}},"settingsNotesForm":{"content":null,"willBeInherited":null},"status":{"actions":[],"filters":[],"initialStateId":null,"states":[],"useStatus":"false"},"uuid":"618a205c-0bfe-497a-be87-3d5ae4a15b2b","views":[{"advancedMode":null,"builtinType":"ALL","device":null,"fields":[{"row":[{"columnWidth":null,"id":"5938987"},{"columnWidth":null,"id":"5938995"},{"columnWidth":null,"id":"5938996"},{"columnWidth":null,"id":"5938997"}]}],"filter":{"category":null,"offset":null,"order":[],"q":null,"size":null,"sort":[]},"html":null,"keyFieldId":null,"name":"（すべて）","pager":null,"revision":null,"titleFieldId":null,"view":"20","viewType":"LIST"}]},{"acl":{"app":[],"field":[],"record":[]},"app":null,"category":{"categories":[],"useCategory":"false"},"form":{"layout":"[{\"id\":null,\"type\":\"ROW\",\"isSubTable\":false,\"var\":null,\"label\":null,\"controlList\":[{\"isVirtical\":true,\"styleMap\":{\"width\":193},\"type\":\"SINGLE_LINE_TEXT\",\"var\":\"書籍コード\",\"label\":\"書籍コード\"}]},{\"id\":null,\"type\":\"ROW\",\"isSubTable\":false,\"var\":null,\"label\":null,\"controlList\":[{\"isVirtical\":true,\"styleMap\":{\"width\":707},\"type\":\"SINGLE_LINE_TEXT\",\"var\":\"書籍名\",\"label\":\"書籍名\"}]},{\"id\":null,\"type\":\"ROW\",\"isSubTable\":false,\"var\":null,\"label\":null,\"controlList\":[{\"isVirtical\":true,\"styleMap\":{\"width\":450},\"type\":\"SINGLE_LINE_TEXT\",\"var\":\"著者\",\"label\":\"著者\"}]},{\"id\":null,\"type\":\"ROW\",\"isSubTable\":false,\"var\":null,\"label\":null,\"controlList\":[{\"isVirtical\":true,\"styleMap\":{\"width\":253},\"type\":\"SINGLE_CHECK\",\"var\":\"貸出状況\",\"label\":\"貸出状況\",\"align\":\"horizontal\"}]}]","revision":null},"iconMeta":null,"info":{"automaticallyChooseTitleComponent":"true","code":null,"decimalPrecision":"16","decimalScale":"4","description":"","enableBulkDeletion":"false","enableRecordReuse":"true","fiscalYearStartMonth":"4","iconKey":"APP48","iconType":"PRESET","jsFiles":null,"jsScope":"ALL","name":"書籍マスタ","roundingMode":"HALF_EVEN","theme":"PLAIN","titleComponentLocalId":null,"useComment":"true","useHistory":"true","useThumbnail":"true"},"jsFiles":[],"notification":{"appNotifications":[{"events":["RECORD_COMMENT_ADDED"],"target":{"entityId":"5938975","entityType":"FIELD_ENTITY","includeSubs":"false"}},{"events":["RECORD_COMMENT_ADDED"],"target":{"entityId":"5938976","entityType":"FIELD_ENTITY","includeSubs":"false"}}],"recordNotifications":[],"reminderTimezone":null,"reminders":[],"useComment":"true","useReminder":"false"},"plugins":[],"reports":[],"resource":{"tables":[{"rows":[{"fields":[],"objectId":"0","subObjectId":"-1"}],"type":"AppName"},{"rows":[{"fields":[],"objectId":"0","subObjectId":"-1"}],"type":"AppDescription"},{"rows":[{"fields":[],"objectId":"5938974","subObjectId":"-1"},{"fields":[],"objectId":"5938975","subObjectId":"-1"},{"fields":[],"objectId":"5938976","subObjectId":"-1"},{"fields":[],"objectId":"5938977","subObjectId":"-1"},{"fields":[],"objectId":"5938978","subObjectId":"-1"},{"fields":[],"objectId":"5938979","subObjectId":"-1"},{"fields":[],"objectId":"5938980","subObjectId":"-1"},{"fields":[],"objectId":"5938981","subObjectId":"-1"},{"fields":[],"objectId":"5938982","subObjectId":"-1"},{"fields":[],"objectId":"5938983","subObjectId":"-1"},{"fields":[],"objectId":"5938984","subObjectId":"-1"},{"fields":[],"objectId":"5939009","subObjectId":"-1"},{"fields":[],"objectId":"5939009","subObjectId":"5939007"},{"fields":[],"objectId":"5939009","subObjectId":"5939008"}],"type":"FieldLabel"},{"rows":[{"fields":[],"objectId":"5939006","subObjectId":"-1"},{"fields":[],"objectId":"20","subObjectId":"-1"}],"type":"ViewName"}]},"schema":{"groups":[],"revision":null,"subTable":{},"table":{"fieldList":{"5938974":{"id":"5938974","label":"レコード番号","properties":{"noLabel":"false","required":"true"},"type":"RECORD_ID","var":"レコード番号"},"5938975":{"id":"5938975","label":"更新者","properties":{"noLabel":"false","required":"true"},"type":"MODIFIER","var":"更新者"},"5938976":{"id":"5938976","label":"作成者","properties":{"noLabel":"false","required":"true"},"type":"CREATOR","var":"作成者"},"5938977":{"id":"5938977","label":"更新日時","properties":{"noLabel":"false","required":"true"},"type":"MODIFIED_AT","var":"更新日時"},"5938978":{"id":"5938978","label":"作成日時","properties":{"noLabel":"false","required":"true"},"type":"CREATED_AT","var":"作成日時"},"5938979":{"id":"5938979","label":"ステータス","properties":{"noLabel":"false","required":"false"},"type":"STATUS","var":"ステータス"},"5938980":{"id":"5938980","label":"作業者","properties":{"noLabel":"false","required":"false"},"type":"STATUS_ASSIGNEE","var":"作業者"},"5938981":{"id":"5938981","label":"カテゴリー","properties":{"noLabel":"false","required":"false"},"type":"CATEGORY","var":"カテゴリー"},"5938982":{"id":"5938982","label":"書籍コード","properties":{"defaultValue":"","expression":"","hideExpression":"false","max":"64","min":null,"noLabel":"false","required":"true","unique":"true"},"type":"SINGLE_LINE_TEXT","var":"書籍コード"},"5938983":{"id":"5938983","label":"書籍名","properties":{"defaultValue":"","expression":"","hideExpression":"false","max":null,"min":null,"noLabel":"false","required":"true","unique":"false"},"type":"SINGLE_LINE_TEXT","var":"書籍名"},"5938984":{"id":"5938984","label":"著者","properties":{"defaultValue":"","expression":"","hideExpression":"false","max":null,"min":null,"noLabel":"false","required":"false","unique":"false"},"type":"SINGLE_LINE_TEXT","var":"著者"},"5939009":{"id":"5939009","label":"貸出状況","properties":{"defaultValue":"5939007","noLabel":"false","options":[{"id":"5939007","label":"未貸出","valid":true},{"id":"5939008","label":"貸出中","valid":true}],"required":"true"},"type":"SINGLE_CHECK","var":"貸出状況"}},"id":"1","label":"__ROOT__","properties":null,"var":"__ROOT__"}},"settingsNotesForm":{"content":null,"willBeInherited":null},"status":{"actions":[],"filters":[],"initialStateId":null,"states":[],"useStatus":"false"},"uuid":"2023da4c-8ae0-4e8e-b801-9ed3532e545a","views":[{"advancedMode":"false","builtinType":null,"device":null,"fields":[{"row":[{"columnWidth":null,"id":"5938982"},{"columnWidth":null,"id":"5938983"},{"columnWidth":null,"id":"5938984"},{"columnWidth":null,"id":"5939009"}]}],"filter":{"category":null,"offset":null,"order":["ASC"],"q":null,"size":null,"sort":["f5938982"]},"html":null,"keyFieldId":null,"name":"書籍一覧","pager":null,"revision":null,"titleFieldId":null,"view":"5939006","viewType":"LIST"},{"advancedMode":null,"builtinType":"ALL","device":null,"fields":[{"row":[{"columnWidth":null,"id":"5938974"},{"columnWidth":null,"id":"5938982"},{"columnWidth":null,"id":"5938983"},{"columnWidth":null,"id":"5938984"},{"columnWidth":null,"id":"5939009"}]}],"filter":{"category":null,"offset":null,"order":[],"q":null,"size":null,"sort":[]},"html":null,"keyFieldId":null,"name":"（すべて）","pager":null,"revision":null,"titleFieldId":null,"view":"20","viewType":"LIST"}]}],"description":"","iconKey":"APP51","iconMeta":null,"iconSrcAppId":"618a205c-0bfe-497a-be87-3d5ae4a15b2b","iconType":"PRESET","imagesMeta":[],"lookups":[{"actingAppId":"618a205c-0bfe-497a-be87-3d5ae4a15b2b","fieldMappings":[{"fieldId":"5939001","targetFieldId":"5938983"}],"keyMapping":{"fieldId":"5939000","targetFieldId":"5938982"},"listFields":["5938983","5938984"],"query":{"category":null,"offset":null,"order":["asc"],"q":"order by f5938982 asc","size":null,"sort":["f5938982"]},"targetAppId":"2023da4c-8ae0-4e8e-b801-9ed3532e545a"}],"name":"貸出記録","references":[],"version":"39"}